time_ms,alt,ax,ay,az,temp
407,0.3,0.049,-0.058,0.946,25.9
1645,0.3,0.064,-0.053,0.926,25.9
2882,0.4,0.068,-0.055,0.949,25.9
4119,0.4,0.073,-0.052,0.940,25.9
5371,0.3,0.070,-0.060,0.947,25.9
6608,0.5,0.060,-0.062,0.937,25.9
7845,0.3,0.066,-0.055,0.938,25.9
9082,0.4,0.074,-0.059,0.926,25.9
10319,0.5,0.062,-0.049,0.949,25.9
11576,0.4,0.226,-0.136,0.952,25.9
12833,0.4,-0.443,0.313,0.830,26.0
14090,0.1,-0.420,0.439,0.680,26.0
15347,0.3,-0.027,0.515,0.758,26.0
16604,0.3,-0.300,0.513,0.711,26.0
17861,-0.2,-0.229,0.343,0.856,26.1
19121,0.1,-0.234,0.359,0.866,26.1
20378,0.2,-0.217,0.239,0.862,26.1
21635,-0.1,-0.246,0.186,0.918,26.1
22892,0.1,-0.259,0.200,0.873,26.1
24149,0.1,-0.125,-0.005,0.936,26.2
25406,0.1,-0.052,-0.037,0.929,26.2
26663,0.3,-0.073,0.001,0.943,26.2
27920,0.1,-0.049,-0.059,0.921,26.2
29177,0.0,0.038,-0.022,0.865,26.2
30434,-0.1,0.153,-0.063,0.989,26.2
31691,0.0,0.062,-0.033,0.930,26.3
32948,-0.1,0.068,-0.039,0.947,26.3
34205,-0.4,0.066,-0.038,0.942,26.3
35462,-0.2,0.059,-0.042,0.935,26.3
36722,0.3,0.072,-0.055,0.936,26.2
37978,0.1,0.069,-0.037,0.949,26.2
39234,0.0,0.069,-0.042,0.930,26.2
40490,0.4,0.078,-0.036,0.943,26.2
41746,0.1,0.078,-0.033,0.940,26.2
43002,0.3,0.070,-0.053,0.934,26.2
44258,0.5,0.069,-0.039,0.935,26.2
45514,0.5,0.075,-0.026,0.965,26.2
46770,0.3,0.082,-0.041,0.943,26.2
48026,0.3,0.082,-0.042,0.942,26.2
49282,0.4,0.068,-0.035,0.944,26.2
50538,0.4,0.060,-0.053,0.943,26.2
51794,0.6,0.058,-0.035,0.937,26.2
53050,0.3,0.067,-0.039,0.948,26.2
54306,0.4,0.070,-0.034,0.952,26.2
55564,0.2,0.055,-0.043,0.944,26.2
56820,0.4,0.056,-0.053,0.948,26.2
58076,0.4,0.063,-0.052,0.935,26.2
59332,0.3,0.078,-0.038,0.937,26.2
60588,0.4,0.086,-0.045,0.934,26.2
61844,0.5,0.068,-0.038,0.934,26.2
63100,0.6,0.072,-0.042,0.937,26.2
64356,0.3,0.064,-0.043,0.932,26.2
65612,0.3,0.069,-0.039,0.936,26.1
66868,0.4,0.075,-0.047,0.929,26.1
68124,0.3,0.068,-0.042,0.932,26.1
69380,0.5,0.078,-0.042,0.937,26.1
70636,0.3,0.070,-0.049,0.949,26.1
71892,0.5,0.067,-0.044,0.946,26.1
73151,0.7,0.064,-0.041,0.955,26.1
74407,0.4,0.077,-0.049,0.940,26.1
75663,0.6,0.066,-0.039,0.944,26.1
76919,0.8,0.077,-0.052,0.949,26.1
78175,0.7,0.062,-0.036,0.941,26.1
79431,0.6,0.061,-0.047,0.940,26.1
80687,0.5,0.074,-0.041,0.932,26.1
81943,0.6,0.074,-0.039,0.946,26.1
83199,0.6,0.069,-0.030,0.940,26.1
84455,0.5,0.051,-0.049,0.934,26.1
85711,0.6,0.072,-0.023,0.937,26.1
86967,1.0,0.060,-0.030,0.927,26.1
88223,0.7,0.069,-0.032,0.949,26.1
89479,0.8,0.077,-0.040,0.956,26.1
90735,0.6,0.081,-0.052,0.941,26.1
91994,0.6,0.065,-0.044,0.939,26.1
93250,0.8,0.043,-0.047,0.952,26.1
94506,0.7,0.069,-0.036,0.936,26.1
95762,0.8,0.067,-0.052,0.932,26.1
97018,1.2,0.075,-0.042,0.952,26.1
98274,1.0,0.073,-0.034,0.938,26.1
99530,0.9,0.073,-0.041,0.942,26.1
100786,0.8,0.070,-0.042,0.935,26.1
102042,0.9,-0.151,0.265,0.794,26.1
103298,1.1,-0.516,0.157,0.750,26.1
104554,1.1,-0.625,0.168,0.750,26.1
105810,0.8,-0.636,0.240,0.628,26.1
107066,1.2,-0.654,0.392,0.502,26.2
108322,1.5,-0.710,0.303,0.453,26.2
109581,1.6,-0.793,0.283,0.439,26.2
110837,1.8,-0.809,0.254,0.396,26.2
112093,1.6,-0.513,0.160,0.742,26.2
113349,1.7,-0.472,0.210,0.776,26.2
114605,1.4,-0.324,-0.031,0.864,26.2
115861,1.3,-0.215,-0.029,0.909,26.2
117117,1.7,-0.211,-0.104,0.834,26.2
118373,1.1,-0.130,0.165,0.944,26.2
119629,0.6,0.179,-0.208,0.943,26.3
120885,1.0,0.167,-0.079,0.949,26.3
122141,1.1,-0.110,0.421,0.808,26.2
123397,1.3,-0.271,0.637,0.547,26.2
124653,1.3,-0.591,0.437,0.497,26.3
125909,1.2,-0.616,0.313,0.602,26.3
127168,1.2,-0.639,0.020,0.688,26.3
128424,1.1,-0.154,0.426,0.860,26.3
129680,0.7,0.022,0.008,0.794,26.3
130815,0.6,0.060,-0.048,0.934,26.3
132071,0.7,0.067,-0.036,0.945,26.3
133327,0.6,0.070,-0.045,0.954,26.3
134583,0.5,0.063,-0.050,0.943,26.3
135839,0.7,0.083,-0.041,0.935,26.3
137095,0.5,0.075,-0.049,0.937,26.3
138351,0.8,0.069,-0.046,0.926,26.3
139607,0.9,0.078,-0.043,0.928,26.2
140863,0.7,0.049,-0.042,0.940,26.2
142119,1.0,0.071,-0.047,0.927,26.2
143375,0.9,0.062,-0.038,0.941,26.2
144631,1.1,0.060,-0.051,0.945,26.2
145890,1.1,0.067,-0.040,0.940,26.2
147146,1.0,0.072,-0.045,0.942,26.2
148402,0.9,0.062,-0.034,0.934,26.2
149658,0.7,0.067,-0.045,0.937,26.2
150914,0.9,0.065,-0.054,0.946,26.2
152170,0.8,0.064,-0.046,0.930,26.2
153426,1.0,0.074,-0.053,0.937,26.2
154682,1.1,0.079,-0.051,0.935,26.2
155938,1.0,0.074,-0.059,0.931,26.2
157194,0.9,0.078,-0.051,0.926,26.2
158450,1.1,0.084,-0.030,0.948,26.2
159706,1.0,0.066,-0.030,0.936,26.2
160962,0.9,0.078,-0.057,0.942,26.2
162219,1.0,0.075,-0.031,0.938,26.2
163477,1.0,0.062,-0.064,0.931,26.2
164733,0.8,0.069,-0.045,0.950,26.2
165989,1.0,0.081,-0.058,0.952,26.2
167245,1.2,0.082,-0.046,0.944,26.2
168501,1.0,0.064,-0.040,0.937,26.2
169757,1.0,0.065,-0.046,0.947,26.2
171013,1.0,0.061,-0.051,0.944,26.1
172269,1.1,0.076,-0.056,0.932,26.1
173525,1.1,0.066,-0.040,0.943,26.1
174781,1.2,0.076,-0.069,0.952,26.1
176037,1.1,0.081,-0.048,0.944,26.1
177293,1.2,0.074,-0.041,0.951,26.1
178549,1.1,0.060,-0.047,0.937,26.1
179805,1.3,0.060,-0.053,0.939,26.1
181063,1.2,0.067,-0.052,0.948,26.1
182320,1.3,0.063,-0.058,0.959,26.1
183577,1.1,0.072,-0.049,0.944,26.1
184834,1.1,0.065,-0.048,0.952,26.1
186091,0.9,0.072,-0.053,0.947,26.1
187348,1.2,0.061,-0.054,0.936,26.1
188605,0.8,0.068,-0.050,0.929,26.1
189862,1.1,0.073,-0.062,0.942,26.1
191119,0.7,0.067,-0.052,0.954,26.1
192376,1.0,0.072,-0.035,0.953,26.1
193633,0.9,0.071,-0.052,0.934,26.1
194890,0.8,0.072,-0.064,0.944,26.1
196147,0.8,0.063,-0.052,0.933,26.1
197404,0.9,0.075,-0.058,0.945,26.1
198663,0.9,0.072,-0.052,0.939,26.1
199920,0.9,0.074,-0.062,0.942,26.1
201177,0.6,0.058,-0.044,0.944,26.1
202434,0.9,0.067,-0.057,0.933,26.1
203691,1.1,0.068,-0.060,0.937,26.1
204948,0.9,0.090,-0.071,0.937,26.1
206205,0.7,0.069,-0.060,0.937,26.1
207462,1.0,0.079,-0.062,0.951,26.1
208719,0.7,0.066,-0.039,0.938,26.1
209976,0.7,0.062,-0.043,0.952,26.1
211233,0.9,0.078,-0.048,0.941,26.1
212490,0.8,0.064,-0.053,0.930,26.1
213747,1.0,0.055,-0.056,0.941,26.1
215004,0.7,0.069,-0.051,0.945,26.1
216261,1.0,0.067,-0.045,0.928,26.1
217520,0.9,0.076,-0.039,0.939,26.1
218777,0.9,0.065,-0.052,0.940,26.1
220034,1.0,0.073,-0.052,0.941,26.1
221291,0.6,0.063,-0.060,0.943,26.1
222548,0.6,0.072,-0.042,0.942,26.1
223805,0.9,0.068,-0.039,0.943,26.1
225062,1.2,0.071,-0.045,0.949,26.1
226319,1.0,0.085,-0.037,0.936,26.1
227576,0.8,0.070,-0.045,0.943,26.1
228833,1.1,0.077,-0.060,0.944,26.1
230090,0.9,0.074,-0.062,0.935,26.1
231347,1.1,0.073,-0.056,0.943,26.1
232604,0.7,0.079,-0.049,0.933,26.1
233861,1.0,0.082,-0.042,0.954,26.1
235120,0.9,0.078,-0.047,0.939,26.1
236377,0.5,0.067,-0.067,0.948,26.1
237634,0.9,0.064,-0.055,0.952,26.1
238891,1.1,0.065,-0.051,0.938,26.1
240148,1.1,0.067,-0.056,0.941,26.1
241405,1.1,0.065,-0.036,0.937,26.1
242662,0.7,0.071,-0.041,0.921,26.1
243919,1.0,0.066,-0.054,0.943,26.1
245176,0.8,0.058,-0.054,0.941,26.1
246433,0.9,0.023,-0.059,0.952,26.1
247690,0.9,-0.412,-0.079,0.613,26.1
248900,0.9,-0.543,0.191,0.704,26.1
250157,0.8,-0.648,-0.177,0.772,26.1
251414,1.3,-0.196,-0.946,0.033,26.2
252673,1.6,-0.625,0.663,-0.011,26.2
253930,1.4,-0.659,0.702,-0.071,26.2
255187,1.3,-0.699,0.525,-0.015,26.2
256444,0.8,-0.097,0.003,0.949,26.2
257701,1.0,0.102,0.025,0.948,26.2
258958,0.8,0.071,-0.047,0.942,26.2
260215,1.1,0.073,-0.047,0.943,26.2
261472,1.0,0.072,-0.057,0.938,26.2
262729,0.8,0.079,-0.052,0.937,26.2
263986,0.9,0.063,-0.041,0.943,26.2
265243,1.0,0.070,-0.044,0.930,26.2
266500,1.0,0.073,-0.040,0.927,26.2
267757,1.2,0.062,-0.042,0.945,26.2
269014,1.2,0.073,-0.052,0.932,26.2
270273,1.0,0.066,-0.045,0.927,26.1
271530,0.8,0.073,-0.044,0.949,26.1
272787,1.1,0.079,-0.042,0.928,26.1
274044,1.0,0.065,-0.054,0.933,26.1
275301,1.2,0.070,-0.052,0.934,26.1
276558,1.2,0.078,-0.054,0.935,26.1
277815,1.1,0.068,-0.048,0.933,26.1
279072,1.2,0.070,-0.049,0.942,26.1
280329,1.1,0.061,-0.046,0.947,26.1
281586,1.0,0.068,-0.053,0.941,26.1
282843,1.1,0.058,-0.051,0.934,26.1
284100,1.1,0.061,-0.059,0.949,26.1
285357,0.9,0.076,-0.042,0.932,26.1
286614,1.1,0.074,-0.056,0.936,26.1
287884,1.5,0.065,-0.049,0.948,26.1
289143,1.3,0.071,-0.046,0.941,26.1
290400,1.3,0.064,-0.058,0.941,26.1
291657,1.6,0.076,-0.062,0.953,26.1
292914,1.4,0.071,-0.052,0.940,26.1
294171,1.4,0.074,-0.050,0.938,26.1
295428,1.4,0.061,-0.041,0.938,26.1
296685,1.4,0.064,-0.037,0.935,26.1
297942,1.6,0.078,-0.057,0.936,26.1
299199,1.5,0.059,-0.053,0.937,26.1
300456,1.2,0.081,-0.052,0.942,26.1
301713,1.1,0.068,-0.052,0.934,26.1
302970,1.3,0.064,-0.051,0.932,26.1
304227,1.3,0.067,-0.049,0.943,26.1
305484,1.0,0.056,-0.054,0.945,26.1
306744,1.0,0.071,-0.050,0.941,26.1
308001,1.2,0.079,-0.049,0.936,26.1
309258,1.0,0.074,-0.046,0.952,26.1
310515,1.2,0.083,-0.049,0.950,26.1
311772,0.9,0.061,-0.053,0.935,26.1
313029,1.2,0.069,-0.052,0.942,26.1
314286,1.3,0.073,-0.045,0.946,26.1
315543,1.4,0.073,-0.057,0.942,26.1
316800,1.3,0.084,-0.044,0.943,26.1
318057,1.4,0.065,-0.040,0.943,26.1
319314,1.2,0.085,-0.050,0.941,26.1
320571,1.1,0.073,-0.047,0.944,26.1
321828,1.1,0.065,-0.054,0.939,26.1
323085,1.1,0.075,-0.039,0.949,26.1
324345,1.2,0.071,-0.038,0.936,26.1
325601,1.0,0.074,-0.048,0.938,26.1
326857,1.1,0.079,-0.045,0.934,26.1
328113,1.5,0.071,-0.066,0.927,26.1
329369,1.4,0.077,-0.051,0.945,26.1
330625,1.2,0.084,-0.046,0.937,26.1
331881,1.1,0.065,-0.056,0.936,26.1
333137,1.1,0.071,-0.045,0.926,26.1
334393,1.1,0.067,-0.050,0.940,26.1
335649,1.0,0.065,-0.036,0.946,26.1
336905,1.3,0.070,-0.045,0.947,26.1
338161,1.0,0.068,-0.046,0.956,26.1
339417,1.0,0.065,-0.048,0.930,26.1
340673,0.8,0.075,-0.058,0.928,26.1
341931,0.9,0.078,-0.060,0.944,26.1
343187,1.0,0.082,-0.049,0.932,26.1
344443,1.2,0.078,-0.051,0.953,26.1
345699,0.7,0.084,-0.054,0.935,26.1
346955,0.7,0.072,-0.046,0.940,26.1
348211,0.9,0.080,-0.061,0.930,26.1
349467,0.7,0.065,-0.049,0.935,26.1
350723,1.0,0.062,-0.048,0.937,26.1
351979,1.2,0.071,-0.048,0.946,26.1
353235,0.8,0.084,-0.050,0.939,26.1
354491,1.2,0.074,-0.045,0.942,26.1
355747,0.8,0.078,-0.042,0.940,26.1
357003,1.0,0.081,-0.043,0.946,26.1
358259,1.5,0.063,-0.038,0.942,26.1
359518,1.2,0.075,-0.059,0.929,26.1
360774,1.1,0.067,-0.037,0.943,26.1
362030,1.1,0.065,-0.054,0.944,26.0
363286,1.0,0.072,-0.055,0.940,26.1
364542,1.2,0.057,-0.046,0.913,26.1
365798,1.5,0.083,-0.053,0.934,26.0
367054,1.2,0.068,-0.054,0.936,26.0
368310,1.2,0.065,-0.057,0.936,26.0
369566,1.3,0.065,-0.055,0.939,26.0
370822,1.2,0.063,-0.049,0.934,26.0
372078,1.1,0.088,-0.051,0.941,26.1
373334,0.9,0.072,-0.057,0.939,26.0
374590,1.4,0.073,-0.048,0.938,26.0
375846,0.9,0.073,-0.045,0.933,26.0
377105,1.1,0.073,-0.056,0.943,26.0
378361,1.1,0.070,-0.022,0.952,26.0
379617,1.1,0.078,-0.049,0.938,26.0
380873,1.3,0.203,0.034,0.927,26.1
382129,1.0,0.082,-0.066,0.934,26.1
